Caltech,Caltech Counseling Center,6263958331,34.135228,-118.124932
UC Berkeley,Tang Center,5106429494,37.867907,-122.264373
Stanford,Vaden Health Center,6507233785,37.421998,-122.163619